Features,Coefficient Estimate
loan_amnt,8.69490059295e-14
funded_amnt,8.69155687424e-14
annual_inc,1.98121897411e-14
installment,8.44803534606e-14
dti,1.28659146929e-13
delinq_2yrs,5.20009421243e-15
mths_since_last_delinq,3.35698055778e-14
open_acc,7.65122733933e-14
revol_bal,1.16669726445e-14
total_acc,9.7744973718e-14
out_prncp,7.20880385434e-14
total_pymnt,4.56859903723e-14
total_rec_prncp,4.42834228484e-14
total_rec_int,3.50808311555e-14
id,3.80293155412e-07
