Features,Coefficient Estimate
loan_amnt,-5.27510986299
funded_amnt,-5.31099572164
annual_inc,3.34236384665
installment,2.61881183609
dti,0.542777817941
delinq_2yrs,0.0915743522111
mths_since_last_delinq,0.568240395024
open_acc,2.82897692985
revol_bal,0.607166424263
total_acc,1.89576095088
out_prncp,10.3777995591
total_pymnt,4.87777691595
total_rec_prncp,7.58104939319
total_rec_int,-3.07400408901
