Features,Feature Importance
loan_amnt,0.0223053985758
funded_amnt,0.0239843230328
annual_inc,0.120826518164
installment,0.122197716801
dti,0.0793232274075
delinq_2yrs,0.00258182719909
mths_since_last_delinq,0.00973414654781
open_acc,0.0643573625187
revol_bal,0.0440060871161
total_acc,0.0725902393374
out_prncp,0.0666111801011
total_pymnt,0.0921179487963
total_rec_prncp,0.135134252702
total_rec_int,0.10079222353
id,0.0434375481708
